{
    "metadata": "English language only",
    "epoch": 1.0,
    "ANIM": {
        "f1": 0.7527417746759721,
        "number": 1852,
        "precision": 0.6990740740740741,
        "recall": 0.8153347732181425
    },
    "BIO": {
        "f1": 0.6666666666666665,
        "number": 16,
        "precision": 0.6,
        "recall": 0.75
    },
    "CEL": {
        "f1": 0.9815431164901665,
        "number": 6618,
        "precision": 0.9827325053014239,
        "recall": 0.9803566032033847
    },
    "DIS": {
        "f1": 0.9694323144104804,
        "number": 916,
        "precision": 0.9694323144104804,
        "recall": 0.9694323144104804
    },
    "EVE": {
        "f1": 0.8695652173913043,
        "number": 24,
        "precision": 0.9090909090909091,
        "recall": 0.8333333333333334
    },
    "FOOD": {
        "f1": 0.9930122857626568,
        "number": 602916,
        "precision": 0.9937215142777416,
        "recall": 0.9923040688918523
    },
    "INST": {
        "f1": 0.9976437734531809,
        "number": 11460,
        "precision": 0.9977308430790713,
        "recall": 0.9975567190226876
    },
    "LOC": {
        "f1": 0.7643198090692123,
        "number": 3208,
        "precision": 0.732837528604119,
        "recall": 0.7986284289276808
    },
    "MEDIA": {
        "f1": 0.7717678100263853,
        "number": 1518,
        "precision": 0.7727873183619551,
        "recall": 0.7707509881422925
    },
    "MYTH": {
        "f1": 0.6340545625587958,
        "number": 1144,
        "precision": 0.6863543788187373,
        "recall": 0.5891608391608392
    },
    "ORG": {
        "f1": 0.7384305835010062,
        "number": 1004,
        "precision": 0.7459349593495935,
        "recall": 0.7310756972111554
    },
    "PER": {
        "f1": 0.9949314499376818,
        "number": 24046,
        "precision": 0.9939404000996098,
        "recall": 0.995924478083673
    },
    "PLANT": {
        "f1": 0.9817518248175183,
        "number": 544,
        "precision": 0.9746376811594203,
        "recall": 0.9889705882352942
    },
    "TIME": {
        "f1": 0.5959885386819485,
        "number": 366,
        "precision": 0.6265060240963856,
        "recall": 0.5683060109289617
    },
    "VEHI": {
        "f1": 0.9661971830985916,
        "number": 704,
        "precision": 0.9581005586592178,
        "recall": 0.9744318181818182
    },
    "loss": 0.004925420507788658,
    "overall_accuracy": 0.9894071032346373,
    "overall_f1": 0.9893708467963177,
    "overall_precision": 0.9896966629262819,
    "overall_recall": 0.989045245118354,
    "runtime": 113.4813,
    "samples_per_second": 349.89,
    "steps_per_second": 10.936
}
